N58	t1	{TINMA}|{STRCA}#{PTEGU,MESUN,COLLI,PHORU,PODCR,CHLUN,TAUER,CUCCA,TAEGU,GEOFO,CORBR,MANVI,ACACH,NESNO,MELUN,FALPE,CARCR,PICPU,MERNU,BUCRH,APAVI,LEPDI,COLST,HALLE,HALAL,CATAU,TYTAL,CHAPE,CALAN,CAPCA,BALRE,CHAVO,OPHHO,EURHE,PHALE,GAVST,APTFO,PYGAD,FULGL,PHACA,NIPNI,EGRGA,PELCR}|{GALGA,MELGA,ANAPL}	1	1890.13	1936.07
N58	t2	{GALGA,MELGA,ANAPL}|{STRCA}#{PTEGU,MESUN,COLLI,PHORU,PODCR,CHLUN,TAUER,CUCCA,TAEGU,GEOFO,CORBR,MANVI,ACACH,NESNO,MELUN,FALPE,CARCR,PICPU,MERNU,BUCRH,APAVI,LEPDI,COLST,HALLE,HALAL,CATAU,TYTAL,CHAPE,CALAN,CAPCA,BALRE,CHAVO,OPHHO,EURHE,PHALE,GAVST,APTFO,PYGAD,FULGL,PHACA,NIPNI,EGRGA,PELCR}|{TINMA}	0	16.0928	1936.07
N58	t3	{TINMA}|{GALGA,MELGA,ANAPL}#{PTEGU,MESUN,COLLI,PHORU,PODCR,CHLUN,TAUER,CUCCA,TAEGU,GEOFO,CORBR,MANVI,ACACH,NESNO,MELUN,FALPE,CARCR,PICPU,MERNU,BUCRH,APAVI,LEPDI,COLST,HALLE,HALAL,CATAU,TYTAL,CHAPE,CALAN,CAPCA,BALRE,CHAVO,OPHHO,EURHE,PHALE,GAVST,APTFO,PYGAD,FULGL,PHACA,NIPNI,EGRGA,PELCR}|{STRCA}	0	29.8553	1936.07
N55	t1	{PTEGU}|{MESUN}#{COLLI}|{GALGA,MELGA,ANAPL,TINMA,STRCA,CHLUN,TAUER,CUCCA,TAEGU,GEOFO,CORBR,MANVI,ACACH,NESNO,MELUN,FALPE,CARCR,PICPU,MERNU,BUCRH,APAVI,LEPDI,COLST,HALLE,HALAL,CATAU,TYTAL,CHAPE,CALAN,CAPCA,BALRE,CHAVO,OPHHO,EURHE,PHALE,GAVST,APTFO,PYGAD,FULGL,PHACA,NIPNI,EGRGA,PELCR,PHORU,PODCR}	1	851.701	1420.96
N55	t2	{GALGA,MELGA,ANAPL,TINMA,STRCA,CHLUN,TAUER,CUCCA,TAEGU,GEOFO,CORBR,MANVI,ACACH,NESNO,MELUN,FALPE,CARCR,PICPU,MERNU,BUCRH,APAVI,LEPDI,COLST,HALLE,HALAL,CATAU,TYTAL,CHAPE,CALAN,CAPCA,BALRE,CHAVO,OPHHO,EURHE,PHALE,GAVST,APTFO,PYGAD,FULGL,PHACA,NIPNI,EGRGA,PELCR,PHORU,PODCR}|{MESUN}#{COLLI}|{PTEGU}	0	282.992	1420.96
N55	t3	{PTEGU}|{GALGA,MELGA,ANAPL,TINMA,STRCA,CHLUN,TAUER,CUCCA,TAEGU,GEOFO,CORBR,MANVI,ACACH,NESNO,MELUN,FALPE,CARCR,PICPU,MERNU,BUCRH,APAVI,LEPDI,COLST,HALLE,HALAL,CATAU,TYTAL,CHAPE,CALAN,CAPCA,BALRE,CHAVO,OPHHO,EURHE,PHALE,GAVST,APTFO,PYGAD,FULGL,PHACA,NIPNI,EGRGA,PELCR,PHORU,PODCR}#{COLLI}|{MESUN}	0	286.262	1420.96
N56	t1	{PTEGU,MESUN}|{COLLI}#{PHORU,PODCR}|{GALGA,MELGA,ANAPL,TINMA,STRCA,CHLUN,TAUER,CUCCA,TAEGU,GEOFO,CORBR,MANVI,ACACH,NESNO,MELUN,FALPE,CARCR,PICPU,MERNU,BUCRH,APAVI,LEPDI,COLST,HALLE,HALAL,CATAU,TYTAL,CHAPE,CALAN,CAPCA,BALRE,CHAVO,OPHHO,EURHE,PHALE,GAVST,APTFO,PYGAD,FULGL,PHACA,NIPNI,EGRGA,PELCR}	0.476518	483.141	1410.43
N56	t2	{GALGA,MELGA,ANAPL,TINMA,STRCA,CHLUN,TAUER,CUCCA,TAEGU,GEOFO,CORBR,MANVI,ACACH,NESNO,MELUN,FALPE,CARCR,PICPU,MERNU,BUCRH,APAVI,LEPDI,COLST,HALLE,HALAL,CATAU,TYTAL,CHAPE,CALAN,CAPCA,BALRE,CHAVO,OPHHO,EURHE,PHALE,GAVST,APTFO,PYGAD,FULGL,PHACA,NIPNI,EGRGA,PELCR}|{COLLI}#{PHORU,PODCR}|{PTEGU,MESUN}	0.103949	446.206	1410.43
N56	t3	{PTEGU,MESUN}|{GALGA,MELGA,ANAPL,TINMA,STRCA,CHLUN,TAUER,CUCCA,TAEGU,GEOFO,CORBR,MANVI,ACACH,NESNO,MELUN,FALPE,CARCR,PICPU,MERNU,BUCRH,APAVI,LEPDI,COLST,HALLE,HALAL,CATAU,TYTAL,CHAPE,CALAN,CAPCA,BALRE,CHAVO,OPHHO,EURHE,PHALE,GAVST,APTFO,PYGAD,FULGL,PHACA,NIPNI,EGRGA,PELCR}#{PHORU,PODCR}|{COLLI}	0.419533	481.086	1410.43
N54	t1	{PHORU}|{PODCR}#{PTEGU,MESUN,COLLI}|{GALGA,MELGA,ANAPL,TINMA,STRCA,CHLUN,TAUER,CUCCA,TAEGU,GEOFO,CORBR,MANVI,ACACH,NESNO,MELUN,FALPE,CARCR,PICPU,MERNU,BUCRH,APAVI,LEPDI,COLST,HALLE,HALAL,CATAU,TYTAL,CHAPE,CALAN,CAPCA,BALRE,CHAVO,OPHHO,EURHE,PHALE,GAVST,APTFO,PYGAD,FULGL,PHACA,NIPNI,EGRGA,PELCR}	1	1953.66	1957.02
N54	t2	{GALGA,MELGA,ANAPL,TINMA,STRCA,CHLUN,TAUER,CUCCA,TAEGU,GEOFO,CORBR,MANVI,ACACH,NESNO,MELUN,FALPE,CARCR,PICPU,MERNU,BUCRH,APAVI,LEPDI,COLST,HALLE,HALAL,CATAU,TYTAL,CHAPE,CALAN,CAPCA,BALRE,CHAVO,OPHHO,EURHE,PHALE,GAVST,APTFO,PYGAD,FULGL,PHACA,NIPNI,EGRGA,PELCR}|{PODCR}#{PTEGU,MESUN,COLLI}|{PHORU}	0	1.63495	1957.02
N54	t3	{PHORU}|{GALGA,MELGA,ANAPL,TINMA,STRCA,CHLUN,TAUER,CUCCA,TAEGU,GEOFO,CORBR,MANVI,ACACH,NESNO,MELUN,FALPE,CARCR,PICPU,MERNU,BUCRH,APAVI,LEPDI,COLST,HALLE,HALAL,CATAU,TYTAL,CHAPE,CALAN,CAPCA,BALRE,CHAVO,OPHHO,EURHE,PHALE,GAVST,APTFO,PYGAD,FULGL,PHACA,NIPNI,EGRGA,PELCR}#{PTEGU,MESUN,COLLI}|{PODCR}	0	1.72463	1957.02
N57	t1	{PTEGU,MESUN,COLLI}|{PHORU,PODCR}#{CHLUN,TAUER,CUCCA,TAEGU,GEOFO,CORBR,MANVI,ACACH,NESNO,MELUN,FALPE,CARCR,PICPU,MERNU,BUCRH,APAVI,LEPDI,COLST,HALLE,HALAL,CATAU,TYTAL,CHAPE,CALAN,CAPCA,BALRE,CHAVO,OPHHO,EURHE,PHALE,GAVST,APTFO,PYGAD,FULGL,PHACA,NIPNI,EGRGA,PELCR}|{GALGA,MELGA,ANAPL,TINMA,STRCA}	1	568.48	1414.72
N57	t2	{GALGA,MELGA,ANAPL,TINMA,STRCA}|{PHORU,PODCR}#{CHLUN,TAUER,CUCCA,TAEGU,GEOFO,CORBR,MANVI,ACACH,NESNO,MELUN,FALPE,CARCR,PICPU,MERNU,BUCRH,APAVI,LEPDI,COLST,HALLE,HALAL,CATAU,TYTAL,CHAPE,CALAN,CAPCA,BALRE,CHAVO,OPHHO,EURHE,PHALE,GAVST,APTFO,PYGAD,FULGL,PHACA,NIPNI,EGRGA,PELCR}|{PTEGU,MESUN,COLLI}	8.66883e-08	438.459	1414.72
N57	t3	{PTEGU,MESUN,COLLI}|{GALGA,MELGA,ANAPL,TINMA,STRCA}#{CHLUN,TAUER,CUCCA,TAEGU,GEOFO,CORBR,MANVI,ACACH,NESNO,MELUN,FALPE,CARCR,PICPU,MERNU,BUCRH,APAVI,LEPDI,COLST,HALLE,HALAL,CATAU,TYTAL,CHAPE,CALAN,CAPCA,BALRE,CHAVO,OPHHO,EURHE,PHALE,GAVST,APTFO,PYGAD,FULGL,PHACA,NIPNI,EGRGA,PELCR}|{PHORU,PODCR}	5.07887e-08	407.78	1414.72
N52	t1	{CHLUN}|{TAUER}#{CUCCA}|{GALGA,MELGA,ANAPL,TINMA,STRCA,PTEGU,MESUN,COLLI,PHORU,PODCR,TAEGU,GEOFO,CORBR,MANVI,ACACH,NESNO,MELUN,FALPE,CARCR,PICPU,MERNU,BUCRH,APAVI,LEPDI,COLST,HALLE,HALAL,CATAU,TYTAL,CHAPE,CALAN,CAPCA,BALRE,CHAVO,OPHHO,EURHE,PHALE,GAVST,APTFO,PYGAD,FULGL,PHACA,NIPNI,EGRGA,PELCR}	0.999883	538.097	1400.89
N52	t2	{GALGA,MELGA,ANAPL,TINMA,STRCA,PTEGU,MESUN,COLLI,PHORU,PODCR,TAEGU,GEOFO,CORBR,MANVI,ACACH,NESNO,MELUN,FALPE,CARCR,PICPU,MERNU,BUCRH,APAVI,LEPDI,COLST,HALLE,HALAL,CATAU,TYTAL,CHAPE,CALAN,CAPCA,BALRE,CHAVO,OPHHO,EURHE,PHALE,GAVST,APTFO,PYGAD,FULGL,PHACA,NIPNI,EGRGA,PELCR}|{TAUER}#{CUCCA}|{CHLUN}	5.34814e-05	427.478	1400.89
N52	t3	{CHLUN}|{GALGA,MELGA,ANAPL,TINMA,STRCA,PTEGU,MESUN,COLLI,PHORU,PODCR,TAEGU,GEOFO,CORBR,MANVI,ACACH,NESNO,MELUN,FALPE,CARCR,PICPU,MERNU,BUCRH,APAVI,LEPDI,COLST,HALLE,HALAL,CATAU,TYTAL,CHAPE,CALAN,CAPCA,BALRE,CHAVO,OPHHO,EURHE,PHALE,GAVST,APTFO,PYGAD,FULGL,PHACA,NIPNI,EGRGA,PELCR}#{CUCCA}|{TAUER}	6.31341e-05	435.319	1400.89
N53	t1	{CHLUN,TAUER}|{CUCCA}#{TAEGU,GEOFO,CORBR,MANVI,ACACH,NESNO,MELUN,FALPE,CARCR,PICPU,MERNU,BUCRH,APAVI,LEPDI,COLST,HALLE,HALAL,CATAU,TYTAL,CHAPE,CALAN,CAPCA,BALRE,CHAVO,OPHHO,EURHE,PHALE,GAVST,APTFO,PYGAD,FULGL,PHACA,NIPNI,EGRGA,PELCR}|{GALGA,MELGA,ANAPL,TINMA,STRCA,PTEGU,MESUN,COLLI,PHORU,PODCR}	1	636.48	1490.13
N53	t2	{GALGA,MELGA,ANAPL,TINMA,STRCA,PTEGU,MESUN,COLLI,PHORU,PODCR}|{CUCCA}#{TAEGU,GEOFO,CORBR,MANVI,ACACH,NESNO,MELUN,FALPE,CARCR,PICPU,MERNU,BUCRH,APAVI,LEPDI,COLST,HALLE,HALAL,CATAU,TYTAL,CHAPE,CALAN,CAPCA,BALRE,CHAVO,OPHHO,EURHE,PHALE,GAVST,APTFO,PYGAD,FULGL,PHACA,NIPNI,EGRGA,PELCR}|{CHLUN,TAUER}	0	418.164	1490.13
N53	t3	{CHLUN,TAUER}|{GALGA,MELGA,ANAPL,TINMA,STRCA,PTEGU,MESUN,COLLI,PHORU,PODCR}#{TAEGU,GEOFO,CORBR,MANVI,ACACH,NESNO,MELUN,FALPE,CARCR,PICPU,MERNU,BUCRH,APAVI,LEPDI,COLST,HALLE,HALAL,CATAU,TYTAL,CHAPE,CALAN,CAPCA,BALRE,CHAVO,OPHHO,EURHE,PHALE,GAVST,APTFO,PYGAD,FULGL,PHACA,NIPNI,EGRGA,PELCR}|{CUCCA}	0	435.485	1490.13
N76	t1	{TAEGU}|{GEOFO}#{CORBR}|{GALGA,MELGA,ANAPL,TINMA,STRCA,PTEGU,MESUN,COLLI,PHORU,PODCR,CHLUN,TAUER,CUCCA,BALRE,CHAVO,OPHHO,EURHE,PHALE,GAVST,APTFO,PYGAD,FULGL,PHACA,NIPNI,EGRGA,PELCR,CHAPE,CALAN,CAPCA,HALLE,HALAL,CATAU,TYTAL,PICPU,MERNU,BUCRH,APAVI,LEPDI,COLST,CARCR,FALPE,NESNO,MELUN,ACACH,MANVI}	1	1979.64	1987.26
N76	t2	{GALGA,MELGA,ANAPL,TINMA,STRCA,PTEGU,MESUN,COLLI,PHORU,PODCR,CHLUN,TAUER,CUCCA,BALRE,CHAVO,OPHHO,EURHE,PHALE,GAVST,APTFO,PYGAD,FULGL,PHACA,NIPNI,EGRGA,PELCR,CHAPE,CALAN,CAPCA,HALLE,HALAL,CATAU,TYTAL,PICPU,MERNU,BUCRH,APAVI,LEPDI,COLST,CARCR,FALPE,NESNO,MELUN,ACACH,MANVI}|{GEOFO}#{CORBR}|{TAEGU}	0	3.60761	1987.26
N76	t3	{TAEGU}|{GALGA,MELGA,ANAPL,TINMA,STRCA,PTEGU,MESUN,COLLI,PHORU,PODCR,CHLUN,TAUER,CUCCA,BALRE,CHAVO,OPHHO,EURHE,PHALE,GAVST,APTFO,PYGAD,FULGL,PHACA,NIPNI,EGRGA,PELCR,CHAPE,CALAN,CAPCA,HALLE,HALAL,CATAU,TYTAL,PICPU,MERNU,BUCRH,APAVI,LEPDI,COLST,CARCR,FALPE,NESNO,MELUN,ACACH,MANVI}#{CORBR}|{GEOFO}	0	4.01732	1987.26
N77	t1	{TAEGU,GEOFO}|{CORBR}#{MANVI}|{GALGA,MELGA,ANAPL,TINMA,STRCA,PTEGU,MESUN,COLLI,PHORU,PODCR,CHLUN,TAUER,CUCCA,BALRE,CHAVO,OPHHO,EURHE,PHALE,GAVST,APTFO,PYGAD,FULGL,PHACA,NIPNI,EGRGA,PELCR,CHAPE,CALAN,CAPCA,HALLE,HALAL,CATAU,TYTAL,PICPU,MERNU,BUCRH,APAVI,LEPDI,COLST,CARCR,FALPE,NESNO,MELUN,ACACH}	1	1964.51	1979.78
N77	t2	{GALGA,MELGA,ANAPL,TINMA,STRCA,PTEGU,MESUN,COLLI,PHORU,PODCR,CHLUN,TAUER,CUCCA,BALRE,CHAVO,OPHHO,EURHE,PHALE,GAVST,APTFO,PYGAD,FULGL,PHACA,NIPNI,EGRGA,PELCR,CHAPE,CALAN,CAPCA,HALLE,HALAL,CATAU,TYTAL,PICPU,MERNU,BUCRH,APAVI,LEPDI,COLST,CARCR,FALPE,NESNO,MELUN,ACACH}|{CORBR}#{MANVI}|{TAEGU,GEOFO}	0	7.15449	1979.78
N77	t3	{TAEGU,GEOFO}|{GALGA,MELGA,ANAPL,TINMA,STRCA,PTEGU,MESUN,COLLI,PHORU,PODCR,CHLUN,TAUER,CUCCA,BALRE,CHAVO,OPHHO,EURHE,PHALE,GAVST,APTFO,PYGAD,FULGL,PHACA,NIPNI,EGRGA,PELCR,CHAPE,CALAN,CAPCA,HALLE,HALAL,CATAU,TYTAL,PICPU,MERNU,BUCRH,APAVI,LEPDI,COLST,CARCR,FALPE,NESNO,MELUN,ACACH}#{MANVI}|{CORBR}	0	8.10867	1979.78
N78	t1	{TAEGU,GEOFO,CORBR}|{MANVI}#{ACACH}|{GALGA,MELGA,ANAPL,TINMA,STRCA,PTEGU,MESUN,COLLI,PHORU,PODCR,CHLUN,TAUER,CUCCA,BALRE,CHAVO,OPHHO,EURHE,PHALE,GAVST,APTFO,PYGAD,FULGL,PHACA,NIPNI,EGRGA,PELCR,CHAPE,CALAN,CAPCA,HALLE,HALAL,CATAU,TYTAL,PICPU,MERNU,BUCRH,APAVI,LEPDI,COLST,CARCR,FALPE,NESNO,MELUN}	1	1745.15	1922.17
N78	t2	{GALGA,MELGA,ANAPL,TINMA,STRCA,PTEGU,MESUN,COLLI,PHORU,PODCR,CHLUN,TAUER,CUCCA,BALRE,CHAVO,OPHHO,EURHE,PHALE,GAVST,APTFO,PYGAD,FULGL,PHACA,NIPNI,EGRGA,PELCR,CHAPE,CALAN,CAPCA,HALLE,HALAL,CATAU,TYTAL,PICPU,MERNU,BUCRH,APAVI,LEPDI,COLST,CARCR,FALPE,NESNO,MELUN}|{MANVI}#{ACACH}|{TAEGU,GEOFO,CORBR}	0	86.1126	1922.17
N78	t3	{TAEGU,GEOFO,CORBR}|{GALGA,MELGA,ANAPL,TINMA,STRCA,PTEGU,MESUN,COLLI,PHORU,PODCR,CHLUN,TAUER,CUCCA,BALRE,CHAVO,OPHHO,EURHE,PHALE,GAVST,APTFO,PYGAD,FULGL,PHACA,NIPNI,EGRGA,PELCR,CHAPE,CALAN,CAPCA,HALLE,HALAL,CATAU,TYTAL,PICPU,MERNU,BUCRH,APAVI,LEPDI,COLST,CARCR,FALPE,NESNO,MELUN}#{ACACH}|{MANVI}	0	90.9108	1922.17
N79	t1	{TAEGU,GEOFO,CORBR,MANVI}|{ACACH}#{NESNO,MELUN}|{GALGA,MELGA,ANAPL,TINMA,STRCA,PTEGU,MESUN,COLLI,PHORU,PODCR,CHLUN,TAUER,CUCCA,BALRE,CHAVO,OPHHO,EURHE,PHALE,GAVST,APTFO,PYGAD,FULGL,PHACA,NIPNI,EGRGA,PELCR,CHAPE,CALAN,CAPCA,HALLE,HALAL,CATAU,TYTAL,PICPU,MERNU,BUCRH,APAVI,LEPDI,COLST,CARCR,FALPE}	1	1929.07	1939.47
N79	t2	{GALGA,MELGA,ANAPL,TINMA,STRCA,PTEGU,MESUN,COLLI,PHORU,PODCR,CHLUN,TAUER,CUCCA,BALRE,CHAVO,OPHHO,EURHE,PHALE,GAVST,APTFO,PYGAD,FULGL,PHACA,NIPNI,EGRGA,PELCR,CHAPE,CALAN,CAPCA,HALLE,HALAL,CATAU,TYTAL,PICPU,MERNU,BUCRH,APAVI,LEPDI,COLST,CARCR,FALPE}|{ACACH}#{NESNO,MELUN}|{TAEGU,GEOFO,CORBR,MANVI}	0	4.42361	1939.47
N79	t3	{TAEGU,GEOFO,CORBR,MANVI}|{GALGA,MELGA,ANAPL,TINMA,STRCA,PTEGU,MESUN,COLLI,PHORU,PODCR,CHLUN,TAUER,CUCCA,BALRE,CHAVO,OPHHO,EURHE,PHALE,GAVST,APTFO,PYGAD,FULGL,PHACA,NIPNI,EGRGA,PELCR,CHAPE,CALAN,CAPCA,HALLE,HALAL,CATAU,TYTAL,PICPU,MERNU,BUCRH,APAVI,LEPDI,COLST,CARCR,FALPE}#{NESNO,MELUN}|{ACACH}	0	5.97527	1939.47
N75	t1	{NESNO}|{MELUN}#{TAEGU,GEOFO,CORBR,MANVI,ACACH}|{GALGA,MELGA,ANAPL,TINMA,STRCA,PTEGU,MESUN,COLLI,PHORU,PODCR,CHLUN,TAUER,CUCCA,BALRE,CHAVO,OPHHO,EURHE,PHALE,GAVST,APTFO,PYGAD,FULGL,PHACA,NIPNI,EGRGA,PELCR,CHAPE,CALAN,CAPCA,HALLE,HALAL,CATAU,TYTAL,PICPU,MERNU,BUCRH,APAVI,LEPDI,COLST,CARCR,FALPE}	1	1966.79	1973.22
N75	t2	{GALGA,MELGA,ANAPL,TINMA,STRCA,PTEGU,MESUN,COLLI,PHORU,PODCR,CHLUN,TAUER,CUCCA,BALRE,CHAVO,OPHHO,EURHE,PHALE,GAVST,APTFO,PYGAD,FULGL,PHACA,NIPNI,EGRGA,PELCR,CHAPE,CALAN,CAPCA,HALLE,HALAL,CATAU,TYTAL,PICPU,MERNU,BUCRH,APAVI,LEPDI,COLST,CARCR,FALPE}|{MELUN}#{TAEGU,GEOFO,CORBR,MANVI,ACACH}|{NESNO}	0	2.26065	1973.22
N75	t3	{NESNO}|{GALGA,MELGA,ANAPL,TINMA,STRCA,PTEGU,MESUN,COLLI,PHORU,PODCR,CHLUN,TAUER,CUCCA,BALRE,CHAVO,OPHHO,EURHE,PHALE,GAVST,APTFO,PYGAD,FULGL,PHACA,NIPNI,EGRGA,PELCR,CHAPE,CALAN,CAPCA,HALLE,HALAL,CATAU,TYTAL,PICPU,MERNU,BUCRH,APAVI,LEPDI,COLST,CARCR,FALPE}#{TAEGU,GEOFO,CORBR,MANVI,ACACH}|{MELUN}	0	4.1703	1973.22
N80	t1	{TAEGU,GEOFO,CORBR,MANVI,ACACH}|{NESNO,MELUN}#{FALPE}|{GALGA,MELGA,ANAPL,TINMA,STRCA,PTEGU,MESUN,COLLI,PHORU,PODCR,CHLUN,TAUER,CUCCA,BALRE,CHAVO,OPHHO,EURHE,PHALE,GAVST,APTFO,PYGAD,FULGL,PHACA,NIPNI,EGRGA,PELCR,CHAPE,CALAN,CAPCA,HALLE,HALAL,CATAU,TYTAL,PICPU,MERNU,BUCRH,APAVI,LEPDI,COLST,CARCR}	1	719.529	1558.17
N80	t2	{GALGA,MELGA,ANAPL,TINMA,STRCA,PTEGU,MESUN,COLLI,PHORU,PODCR,CHLUN,TAUER,CUCCA,BALRE,CHAVO,OPHHO,EURHE,PHALE,GAVST,APTFO,PYGAD,FULGL,PHACA,NIPNI,EGRGA,PELCR,CHAPE,CALAN,CAPCA,HALLE,HALAL,CATAU,TYTAL,PICPU,MERNU,BUCRH,APAVI,LEPDI,COLST,CARCR}|{NESNO,MELUN}#{FALPE}|{TAEGU,GEOFO,CORBR,MANVI,ACACH}	0	407.629	1558.17
N80	t3	{TAEGU,GEOFO,CORBR,MANVI,ACACH}|{GALGA,MELGA,ANAPL,TINMA,STRCA,PTEGU,MESUN,COLLI,PHORU,PODCR,CHLUN,TAUER,CUCCA,BALRE,CHAVO,OPHHO,EURHE,PHALE,GAVST,APTFO,PYGAD,FULGL,PHACA,NIPNI,EGRGA,PELCR,CHAPE,CALAN,CAPCA,HALLE,HALAL,CATAU,TYTAL,PICPU,MERNU,BUCRH,APAVI,LEPDI,COLST,CARCR}#{FALPE}|{NESNO,MELUN}	0	431.013	1558.17
N81	t1	{TAEGU,GEOFO,CORBR,MANVI,ACACH,NESNO,MELUN}|{FALPE}#{CARCR}|{GALGA,MELGA,ANAPL,TINMA,STRCA,PTEGU,MESUN,COLLI,PHORU,PODCR,CHLUN,TAUER,CUCCA,BALRE,CHAVO,OPHHO,EURHE,PHALE,GAVST,APTFO,PYGAD,FULGL,PHACA,NIPNI,EGRGA,PELCR,CHAPE,CALAN,CAPCA,HALLE,HALAL,CATAU,TYTAL,PICPU,MERNU,BUCRH,APAVI,LEPDI,COLST}	1	811.71	1561.3
N81	t2	{GALGA,MELGA,ANAPL,TINMA,STRCA,PTEGU,MESUN,COLLI,PHORU,PODCR,CHLUN,TAUER,CUCCA,BALRE,CHAVO,OPHHO,EURHE,PHALE,GAVST,APTFO,PYGAD,FULGL,PHACA,NIPNI,EGRGA,PELCR,CHAPE,CALAN,CAPCA,HALLE,HALAL,CATAU,TYTAL,PICPU,MERNU,BUCRH,APAVI,LEPDI,COLST}|{FALPE}#{CARCR}|{TAEGU,GEOFO,CORBR,MANVI,ACACH,NESNO,MELUN}	0	363.283	1561.3
N81	t3	{TAEGU,GEOFO,CORBR,MANVI,ACACH,NESNO,MELUN}|{GALGA,MELGA,ANAPL,TINMA,STRCA,PTEGU,MESUN,COLLI,PHORU,PODCR,CHLUN,TAUER,CUCCA,BALRE,CHAVO,OPHHO,EURHE,PHALE,GAVST,APTFO,PYGAD,FULGL,PHACA,NIPNI,EGRGA,PELCR,CHAPE,CALAN,CAPCA,HALLE,HALAL,CATAU,TYTAL,PICPU,MERNU,BUCRH,APAVI,LEPDI,COLST}#{CARCR}|{FALPE}	0	386.309	1561.3
N82	t1	{TAEGU,GEOFO,CORBR,MANVI,ACACH,NESNO,MELUN,FALPE}|{CARCR}#{PICPU,MERNU,BUCRH,APAVI,LEPDI,COLST}|{GALGA,MELGA,ANAPL,TINMA,STRCA,PTEGU,MESUN,COLLI,PHORU,PODCR,CHLUN,TAUER,CUCCA,BALRE,CHAVO,OPHHO,EURHE,PHALE,GAVST,APTFO,PYGAD,FULGL,PHACA,NIPNI,EGRGA,PELCR,CHAPE,CALAN,CAPCA,HALLE,HALAL,CATAU,TYTAL}	1	910.557	1504.22
N82	t2	{GALGA,MELGA,ANAPL,TINMA,STRCA,PTEGU,MESUN,COLLI,PHORU,PODCR,CHLUN,TAUER,CUCCA,BALRE,CHAVO,OPHHO,EURHE,PHALE,GAVST,APTFO,PYGAD,FULGL,PHACA,NIPNI,EGRGA,PELCR,CHAPE,CALAN,CAPCA,HALLE,HALAL,CATAU,TYTAL}|{CARCR}#{PICPU,MERNU,BUCRH,APAVI,LEPDI,COLST}|{TAEGU,GEOFO,CORBR,MANVI,ACACH,NESNO,MELUN,FALPE}	0	298.56	1504.22
N82	t3	{TAEGU,GEOFO,CORBR,MANVI,ACACH,NESNO,MELUN,FALPE}|{GALGA,MELGA,ANAPL,TINMA,STRCA,PTEGU,MESUN,COLLI,PHORU,PODCR,CHLUN,TAUER,CUCCA,BALRE,CHAVO,OPHHO,EURHE,PHALE,GAVST,APTFO,PYGAD,FULGL,PHACA,NIPNI,EGRGA,PELCR,CHAPE,CALAN,CAPCA,HALLE,HALAL,CATAU,TYTAL}#{PICPU,MERNU,BUCRH,APAVI,LEPDI,COLST}|{CARCR}	0	295.101	1504.22
N70	t1	{PICPU}|{MERNU}#{BUCRH}|{GALGA,MELGA,ANAPL,TINMA,STRCA,PTEGU,MESUN,COLLI,PHORU,PODCR,CHLUN,TAUER,CUCCA,BALRE,CHAVO,OPHHO,EURHE,PHALE,GAVST,APTFO,PYGAD,FULGL,PHACA,NIPNI,EGRGA,PELCR,CHAPE,CALAN,CAPCA,HALLE,HALAL,CATAU,TYTAL,TAEGU,GEOFO,CORBR,MANVI,ACACH,NESNO,MELUN,FALPE,CARCR,COLST,LEPDI,APAVI}	0.999994	598.06	1533.21
N70	t2	{GALGA,MELGA,ANAPL,TINMA,STRCA,PTEGU,MESUN,COLLI,PHORU,PODCR,CHLUN,TAUER,CUCCA,BALRE,CHAVO,OPHHO,EURHE,PHALE,GAVST,APTFO,PYGAD,FULGL,PHACA,NIPNI,EGRGA,PELCR,CHAPE,CALAN,CAPCA,HALLE,HALAL,CATAU,TYTAL,TAEGU,GEOFO,CORBR,MANVI,ACACH,NESNO,MELUN,FALPE,CARCR,COLST,LEPDI,APAVI}|{MERNU}#{BUCRH}|{PICPU}	2.43077e-06	458.051	1533.21
N70	t3	{PICPU}|{GALGA,MELGA,ANAPL,TINMA,STRCA,PTEGU,MESUN,COLLI,PHORU,PODCR,CHLUN,TAUER,CUCCA,BALRE,CHAVO,OPHHO,EURHE,PHALE,GAVST,APTFO,PYGAD,FULGL,PHACA,NIPNI,EGRGA,PELCR,CHAPE,CALAN,CAPCA,HALLE,HALAL,CATAU,TYTAL,TAEGU,GEOFO,CORBR,MANVI,ACACH,NESNO,MELUN,FALPE,CARCR,COLST,LEPDI,APAVI}#{BUCRH}|{MERNU}	3.44979e-06	477.095	1533.21
N71	t1	{PICPU,MERNU}|{BUCRH}#{APAVI}|{GALGA,MELGA,ANAPL,TINMA,STRCA,PTEGU,MESUN,COLLI,PHORU,PODCR,CHLUN,TAUER,CUCCA,BALRE,CHAVO,OPHHO,EURHE,PHALE,GAVST,APTFO,PYGAD,FULGL,PHACA,NIPNI,EGRGA,PELCR,CHAPE,CALAN,CAPCA,HALLE,HALAL,CATAU,TYTAL,TAEGU,GEOFO,CORBR,MANVI,ACACH,NESNO,MELUN,FALPE,CARCR,COLST,LEPDI}	1	814.525	1569.6
N71	t2	{GALGA,MELGA,ANAPL,TINMA,STRCA,PTEGU,MESUN,COLLI,PHORU,PODCR,CHLUN,TAUER,CUCCA,BALRE,CHAVO,OPHHO,EURHE,PHALE,GAVST,APTFO,PYGAD,FULGL,PHACA,NIPNI,EGRGA,PELCR,CHAPE,CALAN,CAPCA,HALLE,HALAL,CATAU,TYTAL,TAEGU,GEOFO,CORBR,MANVI,ACACH,NESNO,MELUN,FALPE,CARCR,COLST,LEPDI}|{BUCRH}#{APAVI}|{PICPU,MERNU}	0	372.334	1569.6
N71	t3	{PICPU,MERNU}|{GALGA,MELGA,ANAPL,TINMA,STRCA,PTEGU,MESUN,COLLI,PHORU,PODCR,CHLUN,TAUER,CUCCA,BALRE,CHAVO,OPHHO,EURHE,PHALE,GAVST,APTFO,PYGAD,FULGL,PHACA,NIPNI,EGRGA,PELCR,CHAPE,CALAN,CAPCA,HALLE,HALAL,CATAU,TYTAL,TAEGU,GEOFO,CORBR,MANVI,ACACH,NESNO,MELUN,FALPE,CARCR,COLST,LEPDI}#{APAVI}|{BUCRH}	0	382.744	1569.6
N72	t1	{PICPU,MERNU,BUCRH}|{APAVI}#{LEPDI}|{GALGA,MELGA,ANAPL,TINMA,STRCA,PTEGU,MESUN,COLLI,PHORU,PODCR,CHLUN,TAUER,CUCCA,BALRE,CHAVO,OPHHO,EURHE,PHALE,GAVST,APTFO,PYGAD,FULGL,PHACA,NIPNI,EGRGA,PELCR,CHAPE,CALAN,CAPCA,HALLE,HALAL,CATAU,TYTAL,TAEGU,GEOFO,CORBR,MANVI,ACACH,NESNO,MELUN,FALPE,CARCR,COLST}	1	622.594	1546.4
N72	t2	{GALGA,MELGA,ANAPL,TINMA,STRCA,PTEGU,MESUN,COLLI,PHORU,PODCR,CHLUN,TAUER,CUCCA,BALRE,CHAVO,OPHHO,EURHE,PHALE,GAVST,APTFO,PYGAD,FULGL,PHACA,NIPNI,EGRGA,PELCR,CHAPE,CALAN,CAPCA,HALLE,HALAL,CATAU,TYTAL,TAEGU,GEOFO,CORBR,MANVI,ACACH,NESNO,MELUN,FALPE,CARCR,COLST}|{APAVI}#{LEPDI}|{PICPU,MERNU,BUCRH}	9.98273e-09	454.517	1546.4
N72	t3	{PICPU,MERNU,BUCRH}|{GALGA,MELGA,ANAPL,TINMA,STRCA,PTEGU,MESUN,COLLI,PHORU,PODCR,CHLUN,TAUER,CUCCA,BALRE,CHAVO,OPHHO,EURHE,PHALE,GAVST,APTFO,PYGAD,FULGL,PHACA,NIPNI,EGRGA,PELCR,CHAPE,CALAN,CAPCA,HALLE,HALAL,CATAU,TYTAL,TAEGU,GEOFO,CORBR,MANVI,ACACH,NESNO,MELUN,FALPE,CARCR,COLST}#{LEPDI}|{APAVI}	1.26086e-08	469.291	1546.4
N73	t1	{PICPU,MERNU,BUCRH,APAVI}|{LEPDI}#{COLST}|{GALGA,MELGA,ANAPL,TINMA,STRCA,PTEGU,MESUN,COLLI,PHORU,PODCR,CHLUN,TAUER,CUCCA,BALRE,CHAVO,OPHHO,EURHE,PHALE,GAVST,APTFO,PYGAD,FULGL,PHACA,NIPNI,EGRGA,PELCR,CHAPE,CALAN,CAPCA,HALLE,HALAL,CATAU,TYTAL,TAEGU,GEOFO,CORBR,MANVI,ACACH,NESNO,MELUN,FALPE,CARCR}	1	873.369	1526.23
N73	t2	{GALGA,MELGA,ANAPL,TINMA,STRCA,PTEGU,MESUN,COLLI,PHORU,PODCR,CHLUN,TAUER,CUCCA,BALRE,CHAVO,OPHHO,EURHE,PHALE,GAVST,APTFO,PYGAD,FULGL,PHACA,NIPNI,EGRGA,PELCR,CHAPE,CALAN,CAPCA,HALLE,HALAL,CATAU,TYTAL,TAEGU,GEOFO,CORBR,MANVI,ACACH,NESNO,MELUN,FALPE,CARCR}|{LEPDI}#{COLST}|{PICPU,MERNU,BUCRH,APAVI}	0	337.295	1526.23
N73	t3	{PICPU,MERNU,BUCRH,APAVI}|{GALGA,MELGA,ANAPL,TINMA,STRCA,PTEGU,MESUN,COLLI,PHORU,PODCR,CHLUN,TAUER,CUCCA,BALRE,CHAVO,OPHHO,EURHE,PHALE,GAVST,APTFO,PYGAD,FULGL,PHACA,NIPNI,EGRGA,PELCR,CHAPE,CALAN,CAPCA,HALLE,HALAL,CATAU,TYTAL,TAEGU,GEOFO,CORBR,MANVI,ACACH,NESNO,MELUN,FALPE,CARCR}#{COLST}|{LEPDI}	0	315.562	1526.23
N74	t1	{PICPU,MERNU,BUCRH,APAVI,LEPDI}|{COLST}#{TAEGU,GEOFO,CORBR,MANVI,ACACH,NESNO,MELUN,FALPE,CARCR}|{GALGA,MELGA,ANAPL,TINMA,STRCA,PTEGU,MESUN,COLLI,PHORU,PODCR,CHLUN,TAUER,CUCCA,BALRE,CHAVO,OPHHO,EURHE,PHALE,GAVST,APTFO,PYGAD,FULGL,PHACA,NIPNI,EGRGA,PELCR,CHAPE,CALAN,CAPCA,HALLE,HALAL,CATAU,TYTAL}	0.997512	552.862	1480.87
N74	t2	{GALGA,MELGA,ANAPL,TINMA,STRCA,PTEGU,MESUN,COLLI,PHORU,PODCR,CHLUN,TAUER,CUCCA,BALRE,CHAVO,OPHHO,EURHE,PHALE,GAVST,APTFO,PYGAD,FULGL,PHACA,NIPNI,EGRGA,PELCR,CHAPE,CALAN,CAPCA,HALLE,HALAL,CATAU,TYTAL}|{COLST}#{TAEGU,GEOFO,CORBR,MANVI,ACACH,NESNO,MELUN,FALPE,CARCR}|{PICPU,MERNU,BUCRH,APAVI,LEPDI}	0.000682775	443.831	1480.87
N74	t3	{PICPU,MERNU,BUCRH,APAVI,LEPDI}|{GALGA,MELGA,ANAPL,TINMA,STRCA,PTEGU,MESUN,COLLI,PHORU,PODCR,CHLUN,TAUER,CUCCA,BALRE,CHAVO,OPHHO,EURHE,PHALE,GAVST,APTFO,PYGAD,FULGL,PHACA,NIPNI,EGRGA,PELCR,CHAPE,CALAN,CAPCA,HALLE,HALAL,CATAU,TYTAL}#{TAEGU,GEOFO,CORBR,MANVI,ACACH,NESNO,MELUN,FALPE,CARCR}|{COLST}	0.00180551	484.179	1480.87
N83	t1	{TAEGU,GEOFO,CORBR,MANVI,ACACH,NESNO,MELUN,FALPE,CARCR}|{PICPU,MERNU,BUCRH,APAVI,LEPDI,COLST}#{HALLE,HALAL,CATAU,TYTAL}|{GALGA,MELGA,ANAPL,TINMA,STRCA,PTEGU,MESUN,COLLI,PHORU,PODCR,CHLUN,TAUER,CUCCA,BALRE,CHAVO,OPHHO,EURHE,PHALE,GAVST,APTFO,PYGAD,FULGL,PHACA,NIPNI,EGRGA,PELCR,CHAPE,CALAN,CAPCA}	0.859242	537.154	1481.12
N83	t2	{GALGA,MELGA,ANAPL,TINMA,STRCA,PTEGU,MESUN,COLLI,PHORU,PODCR,CHLUN,TAUER,CUCCA,BALRE,CHAVO,OPHHO,EURHE,PHALE,GAVST,APTFO,PYGAD,FULGL,PHACA,NIPNI,EGRGA,PELCR,CHAPE,CALAN,CAPCA}|{PICPU,MERNU,BUCRH,APAVI,LEPDI,COLST}#{HALLE,HALAL,CATAU,TYTAL}|{TAEGU,GEOFO,CORBR,MANVI,ACACH,NESNO,MELUN,FALPE,CARCR}	0.135832	520.19	1481.12
N83	t3	{TAEGU,GEOFO,CORBR,MANVI,ACACH,NESNO,MELUN,FALPE,CARCR}|{GALGA,MELGA,ANAPL,TINMA,STRCA,PTEGU,MESUN,COLLI,PHORU,PODCR,CHLUN,TAUER,CUCCA,BALRE,CHAVO,OPHHO,EURHE,PHALE,GAVST,APTFO,PYGAD,FULGL,PHACA,NIPNI,EGRGA,PELCR,CHAPE,CALAN,CAPCA}#{HALLE,HALAL,CATAU,TYTAL}|{PICPU,MERNU,BUCRH,APAVI,LEPDI,COLST}	0.00492515	423.775	1481.12
N67	t1	{HALLE}|{HALAL}#{CATAU}|{GALGA,MELGA,ANAPL,TINMA,STRCA,PTEGU,MESUN,COLLI,PHORU,PODCR,CHLUN,TAUER,CUCCA,BALRE,CHAVO,OPHHO,EURHE,PHALE,GAVST,APTFO,PYGAD,FULGL,PHACA,NIPNI,EGRGA,PELCR,CHAPE,CALAN,CAPCA,TAEGU,GEOFO,CORBR,MANVI,ACACH,NESNO,MELUN,FALPE,CARCR,PICPU,MERNU,BUCRH,APAVI,LEPDI,COLST,TYTAL}	1	1997.69	1998.61
N67	t2	{GALGA,MELGA,ANAPL,TINMA,STRCA,PTEGU,MESUN,COLLI,PHORU,PODCR,CHLUN,TAUER,CUCCA,BALRE,CHAVO,OPHHO,EURHE,PHALE,GAVST,APTFO,PYGAD,FULGL,PHACA,NIPNI,EGRGA,PELCR,CHAPE,CALAN,CAPCA,TAEGU,GEOFO,CORBR,MANVI,ACACH,NESNO,MELUN,FALPE,CARCR,PICPU,MERNU,BUCRH,APAVI,LEPDI,COLST,TYTAL}|{HALAL}#{CATAU}|{HALLE}	0	0.916465	1998.61
N67	t3	{HALLE}|{GALGA,MELGA,ANAPL,TINMA,STRCA,PTEGU,MESUN,COLLI,PHORU,PODCR,CHLUN,TAUER,CUCCA,BALRE,CHAVO,OPHHO,EURHE,PHALE,GAVST,APTFO,PYGAD,FULGL,PHACA,NIPNI,EGRGA,PELCR,CHAPE,CALAN,CAPCA,TAEGU,GEOFO,CORBR,MANVI,ACACH,NESNO,MELUN,FALPE,CARCR,PICPU,MERNU,BUCRH,APAVI,LEPDI,COLST,TYTAL}#{CATAU}|{HALAL}	0	2.44612e-11	1998.61
N68	t1	{HALLE,HALAL}|{CATAU}#{TYTAL}|{GALGA,MELGA,ANAPL,TINMA,STRCA,PTEGU,MESUN,COLLI,PHORU,PODCR,CHLUN,TAUER,CUCCA,BALRE,CHAVO,OPHHO,EURHE,PHALE,GAVST,APTFO,PYGAD,FULGL,PHACA,NIPNI,EGRGA,PELCR,CHAPE,CALAN,CAPCA,TAEGU,GEOFO,CORBR,MANVI,ACACH,NESNO,MELUN,FALPE,CARCR,PICPU,MERNU,BUCRH,APAVI,LEPDI,COLST}	1	1116.15	1532.64
N68	t2	{GALGA,MELGA,ANAPL,TINMA,STRCA,PTEGU,MESUN,COLLI,PHORU,PODCR,CHLUN,TAUER,CUCCA,BALRE,CHAVO,OPHHO,EURHE,PHALE,GAVST,APTFO,PYGAD,FULGL,PHACA,NIPNI,EGRGA,PELCR,CHAPE,CALAN,CAPCA,TAEGU,GEOFO,CORBR,MANVI,ACACH,NESNO,MELUN,FALPE,CARCR,PICPU,MERNU,BUCRH,APAVI,LEPDI,COLST}|{CATAU}#{TYTAL}|{HALLE,HALAL}	0	208.567	1532.64
N68	t3	{HALLE,HALAL}|{GALGA,MELGA,ANAPL,TINMA,STRCA,PTEGU,MESUN,COLLI,PHORU,PODCR,CHLUN,TAUER,CUCCA,BALRE,CHAVO,OPHHO,EURHE,PHALE,GAVST,APTFO,PYGAD,FULGL,PHACA,NIPNI,EGRGA,PELCR,CHAPE,CALAN,CAPCA,TAEGU,GEOFO,CORBR,MANVI,ACACH,NESNO,MELUN,FALPE,CARCR,PICPU,MERNU,BUCRH,APAVI,LEPDI,COLST}#{TYTAL}|{CATAU}	0	207.917	1532.64
N69	t1	{HALLE,HALAL,CATAU}|{TYTAL}#{TAEGU,GEOFO,CORBR,MANVI,ACACH,NESNO,MELUN,FALPE,CARCR,PICPU,MERNU,BUCRH,APAVI,LEPDI,COLST}|{GALGA,MELGA,ANAPL,TINMA,STRCA,PTEGU,MESUN,COLLI,PHORU,PODCR,CHLUN,TAUER,CUCCA,BALRE,CHAVO,OPHHO,EURHE,PHALE,GAVST,APTFO,PYGAD,FULGL,PHACA,NIPNI,EGRGA,PELCR,CHAPE,CALAN,CAPCA}	1	615.491	1462.06
N69	t2	{GALGA,MELGA,ANAPL,TINMA,STRCA,PTEGU,MESUN,COLLI,PHORU,PODCR,CHLUN,TAUER,CUCCA,BALRE,CHAVO,OPHHO,EURHE,PHALE,GAVST,APTFO,PYGAD,FULGL,PHACA,NIPNI,EGRGA,PELCR,CHAPE,CALAN,CAPCA}|{TYTAL}#{TAEGU,GEOFO,CORBR,MANVI,ACACH,NESNO,MELUN,FALPE,CARCR,PICPU,MERNU,BUCRH,APAVI,LEPDI,COLST}|{HALLE,HALAL,CATAU}	3.23454e-12	436.157	1462.06
N69	t3	{HALLE,HALAL,CATAU}|{GALGA,MELGA,ANAPL,TINMA,STRCA,PTEGU,MESUN,COLLI,PHORU,PODCR,CHLUN,TAUER,CUCCA,BALRE,CHAVO,OPHHO,EURHE,PHALE,GAVST,APTFO,PYGAD,FULGL,PHACA,NIPNI,EGRGA,PELCR,CHAPE,CALAN,CAPCA}#{TAEGU,GEOFO,CORBR,MANVI,ACACH,NESNO,MELUN,FALPE,CARCR,PICPU,MERNU,BUCRH,APAVI,LEPDI,COLST}|{TYTAL}	2.2597e-12	410.415	1462.06
N84	t1	{TAEGU,GEOFO,CORBR,MANVI,ACACH,NESNO,MELUN,FALPE,CARCR,PICPU,MERNU,BUCRH,APAVI,LEPDI,COLST}|{HALLE,HALAL,CATAU,TYTAL}#{CHAPE,CALAN,CAPCA}|{GALGA,MELGA,ANAPL,TINMA,STRCA,PTEGU,MESUN,COLLI,PHORU,PODCR,CHLUN,TAUER,CUCCA,BALRE,CHAVO,OPHHO,EURHE,PHALE,GAVST,APTFO,PYGAD,FULGL,PHACA,NIPNI,EGRGA,PELCR}	1	1310.05	1503.82
N84	t2	{GALGA,MELGA,ANAPL,TINMA,STRCA,PTEGU,MESUN,COLLI,PHORU,PODCR,CHLUN,TAUER,CUCCA,BALRE,CHAVO,OPHHO,EURHE,PHALE,GAVST,APTFO,PYGAD,FULGL,PHACA,NIPNI,EGRGA,PELCR}|{HALLE,HALAL,CATAU,TYTAL}#{CHAPE,CALAN,CAPCA}|{TAEGU,GEOFO,CORBR,MANVI,ACACH,NESNO,MELUN,FALPE,CARCR,PICPU,MERNU,BUCRH,APAVI,LEPDI,COLST}	0	92.3482	1503.82
N84	t3	{TAEGU,GEOFO,CORBR,MANVI,ACACH,NESNO,MELUN,FALPE,CARCR,PICPU,MERNU,BUCRH,APAVI,LEPDI,COLST}|{GALGA,MELGA,ANAPL,TINMA,STRCA,PTEGU,MESUN,COLLI,PHORU,PODCR,CHLUN,TAUER,CUCCA,BALRE,CHAVO,OPHHO,EURHE,PHALE,GAVST,APTFO,PYGAD,FULGL,PHACA,NIPNI,EGRGA,PELCR}#{CHAPE,CALAN,CAPCA}|{HALLE,HALAL,CATAU,TYTAL}	0	101.418	1503.82
N65	t1	{CHAPE}|{CALAN}#{CAPCA}|{GALGA,MELGA,ANAPL,TINMA,STRCA,PTEGU,MESUN,COLLI,PHORU,PODCR,CHLUN,TAUER,CUCCA,BALRE,CHAVO,OPHHO,EURHE,PHALE,GAVST,APTFO,PYGAD,FULGL,PHACA,NIPNI,EGRGA,PELCR,TAEGU,GEOFO,CORBR,MANVI,ACACH,NESNO,MELUN,FALPE,CARCR,PICPU,MERNU,BUCRH,APAVI,LEPDI,COLST,HALLE,HALAL,CATAU,TYTAL}	1	1849.3	1869.67
N65	t2	{GALGA,MELGA,ANAPL,TINMA,STRCA,PTEGU,MESUN,COLLI,PHORU,PODCR,CHLUN,TAUER,CUCCA,BALRE,CHAVO,OPHHO,EURHE,PHALE,GAVST,APTFO,PYGAD,FULGL,PHACA,NIPNI,EGRGA,PELCR,TAEGU,GEOFO,CORBR,MANVI,ACACH,NESNO,MELUN,FALPE,CARCR,PICPU,MERNU,BUCRH,APAVI,LEPDI,COLST,HALLE,HALAL,CATAU,TYTAL}|{CALAN}#{CAPCA}|{CHAPE}	0	9.4295	1869.67
N65	t3	{CHAPE}|{GALGA,MELGA,ANAPL,TINMA,STRCA,PTEGU,MESUN,COLLI,PHORU,PODCR,CHLUN,TAUER,CUCCA,BALRE,CHAVO,OPHHO,EURHE,PHALE,GAVST,APTFO,PYGAD,FULGL,PHACA,NIPNI,EGRGA,PELCR,TAEGU,GEOFO,CORBR,MANVI,ACACH,NESNO,MELUN,FALPE,CARCR,PICPU,MERNU,BUCRH,APAVI,LEPDI,COLST,HALLE,HALAL,CATAU,TYTAL}#{CAPCA}|{CALAN}	0	10.9477	1869.67
N66	t1	{CHAPE,CALAN}|{CAPCA}#{TAEGU,GEOFO,CORBR,MANVI,ACACH,NESNO,MELUN,FALPE,CARCR,PICPU,MERNU,BUCRH,APAVI,LEPDI,COLST,HALLE,HALAL,CATAU,TYTAL}|{GALGA,MELGA,ANAPL,TINMA,STRCA,PTEGU,MESUN,COLLI,PHORU,PODCR,CHLUN,TAUER,CUCCA,BALRE,CHAVO,OPHHO,EURHE,PHALE,GAVST,APTFO,PYGAD,FULGL,PHACA,NIPNI,EGRGA,PELCR}	1	1078.47	1412.31
N66	t2	{GALGA,MELGA,ANAPL,TINMA,STRCA,PTEGU,MESUN,COLLI,PHORU,PODCR,CHLUN,TAUER,CUCCA,BALRE,CHAVO,OPHHO,EURHE,PHALE,GAVST,APTFO,PYGAD,FULGL,PHACA,NIPNI,EGRGA,PELCR}|{CAPCA}#{TAEGU,GEOFO,CORBR,MANVI,ACACH,NESNO,MELUN,FALPE,CARCR,PICPU,MERNU,BUCRH,APAVI,LEPDI,COLST,HALLE,HALAL,CATAU,TYTAL}|{CHAPE,CALAN}	0	166.844	1412.31
N66	t3	{CHAPE,CALAN}|{GALGA,MELGA,ANAPL,TINMA,STRCA,PTEGU,MESUN,COLLI,PHORU,PODCR,CHLUN,TAUER,CUCCA,BALRE,CHAVO,OPHHO,EURHE,PHALE,GAVST,APTFO,PYGAD,FULGL,PHACA,NIPNI,EGRGA,PELCR}#{TAEGU,GEOFO,CORBR,MANVI,ACACH,NESNO,MELUN,FALPE,CARCR,PICPU,MERNU,BUCRH,APAVI,LEPDI,COLST,HALLE,HALAL,CATAU,TYTAL}|{CAPCA}	0	166.996	1412.31
N85	t1	{TAEGU,GEOFO,CORBR,MANVI,ACACH,NESNO,MELUN,FALPE,CARCR,PICPU,MERNU,BUCRH,APAVI,LEPDI,COLST,HALLE,HALAL,CATAU,TYTAL}|{CHAPE,CALAN,CAPCA}#{BALRE,CHAVO,OPHHO,EURHE,PHALE,GAVST,APTFO,PYGAD,FULGL,PHACA,NIPNI,EGRGA,PELCR}|{GALGA,MELGA,ANAPL,TINMA,STRCA,PTEGU,MESUN,COLLI,PHORU,PODCR,CHLUN,TAUER,CUCCA}	0.60225	495.236	1439.89
N85	t2	{GALGA,MELGA,ANAPL,TINMA,STRCA,PTEGU,MESUN,COLLI,PHORU,PODCR,CHLUN,TAUER,CUCCA}|{CHAPE,CALAN,CAPCA}#{BALRE,CHAVO,OPHHO,EURHE,PHALE,GAVST,APTFO,PYGAD,FULGL,PHACA,NIPNI,EGRGA,PELCR}|{TAEGU,GEOFO,CORBR,MANVI,ACACH,NESNO,MELUN,FALPE,CARCR,PICPU,MERNU,BUCRH,APAVI,LEPDI,COLST,HALLE,HALAL,CATAU,TYTAL}	0.242677	478.342	1439.89
N85	t3	{TAEGU,GEOFO,CORBR,MANVI,ACACH,NESNO,MELUN,FALPE,CARCR,PICPU,MERNU,BUCRH,APAVI,LEPDI,COLST,HALLE,HALAL,CATAU,TYTAL}|{GALGA,MELGA,ANAPL,TINMA,STRCA,PTEGU,MESUN,COLLI,PHORU,PODCR,CHLUN,TAUER,CUCCA}#{BALRE,CHAVO,OPHHO,EURHE,PHALE,GAVST,APTFO,PYGAD,FULGL,PHACA,NIPNI,EGRGA,PELCR}|{CHAPE,CALAN,CAPCA}	0.155072	466.314	1439.89
N50	t1	{BALRE}|{CHAVO}#{OPHHO}|{GALGA,MELGA,ANAPL,TINMA,STRCA,PTEGU,MESUN,COLLI,PHORU,PODCR,CHLUN,TAUER,CUCCA,TAEGU,GEOFO,CORBR,MANVI,ACACH,NESNO,MELUN,FALPE,CARCR,PICPU,MERNU,BUCRH,APAVI,LEPDI,COLST,HALLE,HALAL,CATAU,TYTAL,CHAPE,CALAN,CAPCA,EURHE,PHALE,GAVST,APTFO,PYGAD,FULGL,PHACA,NIPNI,EGRGA,PELCR}	0.999343	534.632	1413.25
N50	t2	{GALGA,MELGA,ANAPL,TINMA,STRCA,PTEGU,MESUN,COLLI,PHORU,PODCR,CHLUN,TAUER,CUCCA,TAEGU,GEOFO,CORBR,MANVI,ACACH,NESNO,MELUN,FALPE,CARCR,PICPU,MERNU,BUCRH,APAVI,LEPDI,COLST,HALLE,HALAL,CATAU,TYTAL,CHAPE,CALAN,CAPCA,EURHE,PHALE,GAVST,APTFO,PYGAD,FULGL,PHACA,NIPNI,EGRGA,PELCR}|{CHAVO}#{OPHHO}|{BALRE}	0.000349533	442.119	1413.25
N50	t3	{BALRE}|{GALGA,MELGA,ANAPL,TINMA,STRCA,PTEGU,MESUN,COLLI,PHORU,PODCR,CHLUN,TAUER,CUCCA,TAEGU,GEOFO,CORBR,MANVI,ACACH,NESNO,MELUN,FALPE,CARCR,PICPU,MERNU,BUCRH,APAVI,LEPDI,COLST,HALLE,HALAL,CATAU,TYTAL,CHAPE,CALAN,CAPCA,EURHE,PHALE,GAVST,APTFO,PYGAD,FULGL,PHACA,NIPNI,EGRGA,PELCR}#{OPHHO}|{CHAVO}	0.000307879	436.498	1413.25
N51	t1	{BALRE,CHAVO}|{OPHHO}#{EURHE,PHALE,GAVST,APTFO,PYGAD,FULGL,PHACA,NIPNI,EGRGA,PELCR}|{GALGA,MELGA,ANAPL,TINMA,STRCA,PTEGU,MESUN,COLLI,PHORU,PODCR,CHLUN,TAUER,CUCCA,TAEGU,GEOFO,CORBR,MANVI,ACACH,NESNO,MELUN,FALPE,CARCR,PICPU,MERNU,BUCRH,APAVI,LEPDI,COLST,HALLE,HALAL,CATAU,TYTAL,CHAPE,CALAN,CAPCA}	0.787068	519.159	1480.83
N51	t2	{GALGA,MELGA,ANAPL,TINMA,STRCA,PTEGU,MESUN,COLLI,PHORU,PODCR,CHLUN,TAUER,CUCCA,TAEGU,GEOFO,CORBR,MANVI,ACACH,NESNO,MELUN,FALPE,CARCR,PICPU,MERNU,BUCRH,APAVI,LEPDI,COLST,HALLE,HALAL,CATAU,TYTAL,CHAPE,CALAN,CAPCA}|{OPHHO}#{EURHE,PHALE,GAVST,APTFO,PYGAD,FULGL,PHACA,NIPNI,EGRGA,PELCR}|{BALRE,CHAVO}	0.0742016	471.343	1480.83
N51	t3	{BALRE,CHAVO}|{GALGA,MELGA,ANAPL,TINMA,STRCA,PTEGU,MESUN,COLLI,PHORU,PODCR,CHLUN,TAUER,CUCCA,TAEGU,GEOFO,CORBR,MANVI,ACACH,NESNO,MELUN,FALPE,CARCR,PICPU,MERNU,BUCRH,APAVI,LEPDI,COLST,HALLE,HALAL,CATAU,TYTAL,CHAPE,CALAN,CAPCA}#{EURHE,PHALE,GAVST,APTFO,PYGAD,FULGL,PHACA,NIPNI,EGRGA,PELCR}|{OPHHO}	0.13873	490.332	1480.83
N49	t1	{EURHE}|{PHALE}#{GAVST,APTFO,PYGAD,FULGL,PHACA,NIPNI,EGRGA,PELCR}|{GALGA,MELGA,ANAPL,TINMA,STRCA,PTEGU,MESUN,COLLI,PHORU,PODCR,CHLUN,TAUER,CUCCA,TAEGU,GEOFO,CORBR,MANVI,ACACH,NESNO,MELUN,FALPE,CARCR,PICPU,MERNU,BUCRH,APAVI,LEPDI,COLST,HALLE,HALAL,CATAU,TYTAL,CHAPE,CALAN,CAPCA,BALRE,CHAVO,OPHHO}	1	889.22	1395.96
N49	t2	{GALGA,MELGA,ANAPL,TINMA,STRCA,PTEGU,MESUN,COLLI,PHORU,PODCR,CHLUN,TAUER,CUCCA,TAEGU,GEOFO,CORBR,MANVI,ACACH,NESNO,MELUN,FALPE,CARCR,PICPU,MERNU,BUCRH,APAVI,LEPDI,COLST,HALLE,HALAL,CATAU,TYTAL,CHAPE,CALAN,CAPCA,BALRE,CHAVO,OPHHO}|{PHALE}#{GAVST,APTFO,PYGAD,FULGL,PHACA,NIPNI,EGRGA,PELCR}|{EURHE}	0	246.623	1395.96
N49	t3	{EURHE}|{GALGA,MELGA,ANAPL,TINMA,STRCA,PTEGU,MESUN,COLLI,PHORU,PODCR,CHLUN,TAUER,CUCCA,TAEGU,GEOFO,CORBR,MANVI,ACACH,NESNO,MELUN,FALPE,CARCR,PICPU,MERNU,BUCRH,APAVI,LEPDI,COLST,HALLE,HALAL,CATAU,TYTAL,CHAPE,CALAN,CAPCA,BALRE,CHAVO,OPHHO}#{GAVST,APTFO,PYGAD,FULGL,PHACA,NIPNI,EGRGA,PELCR}|{PHALE}	0	260.117	1395.96
N47	t1	{APTFO}|{PYGAD}#{FULGL}|{GALGA,MELGA,ANAPL,TINMA,STRCA,PTEGU,MESUN,COLLI,PHORU,PODCR,CHLUN,TAUER,CUCCA,TAEGU,GEOFO,CORBR,MANVI,ACACH,NESNO,MELUN,FALPE,CARCR,PICPU,MERNU,BUCRH,APAVI,LEPDI,COLST,HALLE,HALAL,CATAU,TYTAL,CHAPE,CALAN,CAPCA,BALRE,CHAVO,OPHHO,EURHE,PHALE,GAVST,PHACA,NIPNI,EGRGA,PELCR}	1	1995.12	1996.07
N47	t2	{GALGA,MELGA,ANAPL,TINMA,STRCA,PTEGU,MESUN,COLLI,PHORU,PODCR,CHLUN,TAUER,CUCCA,TAEGU,GEOFO,CORBR,MANVI,ACACH,NESNO,MELUN,FALPE,CARCR,PICPU,MERNU,BUCRH,APAVI,LEPDI,COLST,HALLE,HALAL,CATAU,TYTAL,CHAPE,CALAN,CAPCA,BALRE,CHAVO,OPHHO,EURHE,PHALE,GAVST,PHACA,NIPNI,EGRGA,PELCR}|{PYGAD}#{FULGL}|{APTFO}	0	0.938923	1996.07
N47	t3	{APTFO}|{GALGA,MELGA,ANAPL,TINMA,STRCA,PTEGU,MESUN,COLLI,PHORU,PODCR,CHLUN,TAUER,CUCCA,TAEGU,GEOFO,CORBR,MANVI,ACACH,NESNO,MELUN,FALPE,CARCR,PICPU,MERNU,BUCRH,APAVI,LEPDI,COLST,HALLE,HALAL,CATAU,TYTAL,CHAPE,CALAN,CAPCA,BALRE,CHAVO,OPHHO,EURHE,PHALE,GAVST,PHACA,NIPNI,EGRGA,PELCR}#{FULGL}|{PYGAD}	0	0.0142876	1996.07
N48	t1	{APTFO,PYGAD}|{FULGL}#{PHACA,NIPNI,EGRGA,PELCR}|{GALGA,MELGA,ANAPL,TINMA,STRCA,PTEGU,MESUN,COLLI,PHORU,PODCR,CHLUN,TAUER,CUCCA,TAEGU,GEOFO,CORBR,MANVI,ACACH,NESNO,MELUN,FALPE,CARCR,PICPU,MERNU,BUCRH,APAVI,LEPDI,COLST,HALLE,HALAL,CATAU,TYTAL,CHAPE,CALAN,CAPCA,BALRE,CHAVO,OPHHO,EURHE,PHALE,GAVST}	1	879.316	1651.27
N48	t2	{GALGA,MELGA,ANAPL,TINMA,STRCA,PTEGU,MESUN,COLLI,PHORU,PODCR,CHLUN,TAUER,CUCCA,TAEGU,GEOFO,CORBR,MANVI,ACACH,NESNO,MELUN,FALPE,CARCR,PICPU,MERNU,BUCRH,APAVI,LEPDI,COLST,HALLE,HALAL,CATAU,TYTAL,CHAPE,CALAN,CAPCA,BALRE,CHAVO,OPHHO,EURHE,PHALE,GAVST}|{FULGL}#{PHACA,NIPNI,EGRGA,PELCR}|{APTFO,PYGAD}	0	392.077	1651.27
N48	t3	{APTFO,PYGAD}|{GALGA,MELGA,ANAPL,TINMA,STRCA,PTEGU,MESUN,COLLI,PHORU,PODCR,CHLUN,TAUER,CUCCA,TAEGU,GEOFO,CORBR,MANVI,ACACH,NESNO,MELUN,FALPE,CARCR,PICPU,MERNU,BUCRH,APAVI,LEPDI,COLST,HALLE,HALAL,CATAU,TYTAL,CHAPE,CALAN,CAPCA,BALRE,CHAVO,OPHHO,EURHE,PHALE,GAVST}#{PHACA,NIPNI,EGRGA,PELCR}|{FULGL}	0	379.882	1651.27
N92	t1	{EGRGA}|{PELCR}#{NIPNI}|{GALGA,MELGA,ANAPL,TINMA,STRCA,PTEGU,MESUN,COLLI,PHORU,PODCR,CHLUN,TAUER,CUCCA,TAEGU,GEOFO,CORBR,MANVI,ACACH,NESNO,MELUN,FALPE,CARCR,PICPU,MERNU,BUCRH,APAVI,LEPDI,COLST,HALLE,HALAL,CATAU,TYTAL,CHAPE,CALAN,CAPCA,BALRE,CHAVO,OPHHO,EURHE,PHALE,GAVST,APTFO,PYGAD,FULGL,PHACA}	1	837.163	1783.99
N92	t2	{GALGA,MELGA,ANAPL,TINMA,STRCA,PTEGU,MESUN,COLLI,PHORU,PODCR,CHLUN,TAUER,CUCCA,TAEGU,GEOFO,CORBR,MANVI,ACACH,NESNO,MELUN,FALPE,CARCR,PICPU,MERNU,BUCRH,APAVI,LEPDI,COLST,HALLE,HALAL,CATAU,TYTAL,CHAPE,CALAN,CAPCA,BALRE,CHAVO,OPHHO,EURHE,PHALE,GAVST,APTFO,PYGAD,FULGL,PHACA}|{PELCR}#{NIPNI}|{EGRGA}	0	472.573	1783.99
N92	t3	{EGRGA}|{GALGA,MELGA,ANAPL,TINMA,STRCA,PTEGU,MESUN,COLLI,PHORU,PODCR,CHLUN,TAUER,CUCCA,TAEGU,GEOFO,CORBR,MANVI,ACACH,NESNO,MELUN,FALPE,CARCR,PICPU,MERNU,BUCRH,APAVI,LEPDI,COLST,HALLE,HALAL,CATAU,TYTAL,CHAPE,CALAN,CAPCA,BALRE,CHAVO,OPHHO,EURHE,PHALE,GAVST,APTFO,PYGAD,FULGL,PHACA}#{NIPNI}|{PELCR}	0	474.252	1783.99
N91	t1	{NIPNI}|{EGRGA,PELCR}#{PHACA}|{GALGA,MELGA,ANAPL,TINMA,STRCA,PTEGU,MESUN,COLLI,PHORU,PODCR,CHLUN,TAUER,CUCCA,TAEGU,GEOFO,CORBR,MANVI,ACACH,NESNO,MELUN,FALPE,CARCR,PICPU,MERNU,BUCRH,APAVI,LEPDI,COLST,HALLE,HALAL,CATAU,TYTAL,CHAPE,CALAN,CAPCA,BALRE,CHAVO,OPHHO,EURHE,PHALE,GAVST,APTFO,PYGAD,FULGL}	1	1084.89	1772.69
N91	t2	{GALGA,MELGA,ANAPL,TINMA,STRCA,PTEGU,MESUN,COLLI,PHORU,PODCR,CHLUN,TAUER,CUCCA,TAEGU,GEOFO,CORBR,MANVI,ACACH,NESNO,MELUN,FALPE,CARCR,PICPU,MERNU,BUCRH,APAVI,LEPDI,COLST,HALLE,HALAL,CATAU,TYTAL,CHAPE,CALAN,CAPCA,BALRE,CHAVO,OPHHO,EURHE,PHALE,GAVST,APTFO,PYGAD,FULGL}|{EGRGA,PELCR}#{PHACA}|{NIPNI}	0	349.805	1772.69
N91	t3	{NIPNI}|{GALGA,MELGA,ANAPL,TINMA,STRCA,PTEGU,MESUN,COLLI,PHORU,PODCR,CHLUN,TAUER,CUCCA,TAEGU,GEOFO,CORBR,MANVI,ACACH,NESNO,MELUN,FALPE,CARCR,PICPU,MERNU,BUCRH,APAVI,LEPDI,COLST,HALLE,HALAL,CATAU,TYTAL,CHAPE,CALAN,CAPCA,BALRE,CHAVO,OPHHO,EURHE,PHALE,GAVST,APTFO,PYGAD,FULGL}#{PHACA}|{EGRGA,PELCR}	0	337.988	1772.69
N90	t1	{PHACA}|{NIPNI,EGRGA,PELCR}#{APTFO,PYGAD,FULGL}|{GALGA,MELGA,ANAPL,TINMA,STRCA,PTEGU,MESUN,COLLI,PHORU,PODCR,CHLUN,TAUER,CUCCA,TAEGU,GEOFO,CORBR,MANVI,ACACH,NESNO,MELUN,FALPE,CARCR,PICPU,MERNU,BUCRH,APAVI,LEPDI,COLST,HALLE,HALAL,CATAU,TYTAL,CHAPE,CALAN,CAPCA,BALRE,CHAVO,OPHHO,EURHE,PHALE,GAVST}	1	1311.46	1711.5
N90	t2	{GALGA,MELGA,ANAPL,TINMA,STRCA,PTEGU,MESUN,COLLI,PHORU,PODCR,CHLUN,TAUER,CUCCA,TAEGU,GEOFO,CORBR,MANVI,ACACH,NESNO,MELUN,FALPE,CARCR,PICPU,MERNU,BUCRH,APAVI,LEPDI,COLST,HALLE,HALAL,CATAU,TYTAL,CHAPE,CALAN,CAPCA,BALRE,CHAVO,OPHHO,EURHE,PHALE,GAVST}|{NIPNI,EGRGA,PELCR}#{APTFO,PYGAD,FULGL}|{PHACA}	0	191.85	1711.5
N90	t3	{PHACA}|{GALGA,MELGA,ANAPL,TINMA,STRCA,PTEGU,MESUN,COLLI,PHORU,PODCR,CHLUN,TAUER,CUCCA,TAEGU,GEOFO,CORBR,MANVI,ACACH,NESNO,MELUN,FALPE,CARCR,PICPU,MERNU,BUCRH,APAVI,LEPDI,COLST,HALLE,HALAL,CATAU,TYTAL,CHAPE,CALAN,CAPCA,BALRE,CHAVO,OPHHO,EURHE,PHALE,GAVST}#{APTFO,PYGAD,FULGL}|{NIPNI,EGRGA,PELCR}	0	208.189	1711.5
N89	t1	{APTFO,PYGAD,FULGL}|{PHACA,NIPNI,EGRGA,PELCR}#{GAVST}|{GALGA,MELGA,ANAPL,TINMA,STRCA,PTEGU,MESUN,COLLI,PHORU,PODCR,CHLUN,TAUER,CUCCA,TAEGU,GEOFO,CORBR,MANVI,ACACH,NESNO,MELUN,FALPE,CARCR,PICPU,MERNU,BUCRH,APAVI,LEPDI,COLST,HALLE,HALAL,CATAU,TYTAL,CHAPE,CALAN,CAPCA,BALRE,CHAVO,OPHHO,EURHE,PHALE}	1	1288.76	1608.66
N89	t2	{GALGA,MELGA,ANAPL,TINMA,STRCA,PTEGU,MESUN,COLLI,PHORU,PODCR,CHLUN,TAUER,CUCCA,TAEGU,GEOFO,CORBR,MANVI,ACACH,NESNO,MELUN,FALPE,CARCR,PICPU,MERNU,BUCRH,APAVI,LEPDI,COLST,HALLE,HALAL,CATAU,TYTAL,CHAPE,CALAN,CAPCA,BALRE,CHAVO,OPHHO,EURHE,PHALE}|{PHACA,NIPNI,EGRGA,PELCR}#{GAVST}|{APTFO,PYGAD,FULGL}	0	161.219	1608.66
N89	t3	{APTFO,PYGAD,FULGL}|{GALGA,MELGA,ANAPL,TINMA,STRCA,PTEGU,MESUN,COLLI,PHORU,PODCR,CHLUN,TAUER,CUCCA,TAEGU,GEOFO,CORBR,MANVI,ACACH,NESNO,MELUN,FALPE,CARCR,PICPU,MERNU,BUCRH,APAVI,LEPDI,COLST,HALLE,HALAL,CATAU,TYTAL,CHAPE,CALAN,CAPCA,BALRE,CHAVO,OPHHO,EURHE,PHALE}#{GAVST}|{PHACA,NIPNI,EGRGA,PELCR}	0	158.685	1608.66
N88	t1	{GAVST}|{APTFO,PYGAD,FULGL,PHACA,NIPNI,EGRGA,PELCR}#{EURHE,PHALE}|{GALGA,MELGA,ANAPL,TINMA,STRCA,PTEGU,MESUN,COLLI,PHORU,PODCR,CHLUN,TAUER,CUCCA,TAEGU,GEOFO,CORBR,MANVI,ACACH,NESNO,MELUN,FALPE,CARCR,PICPU,MERNU,BUCRH,APAVI,LEPDI,COLST,HALLE,HALAL,CATAU,TYTAL,CHAPE,CALAN,CAPCA,BALRE,CHAVO,OPHHO}	1	950.334	1453.32
N88	t2	{GALGA,MELGA,ANAPL,TINMA,STRCA,PTEGU,MESUN,COLLI,PHORU,PODCR,CHLUN,TAUER,CUCCA,TAEGU,GEOFO,CORBR,MANVI,ACACH,NESNO,MELUN,FALPE,CARCR,PICPU,MERNU,BUCRH,APAVI,LEPDI,COLST,HALLE,HALAL,CATAU,TYTAL,CHAPE,CALAN,CAPCA,BALRE,CHAVO,OPHHO}|{APTFO,PYGAD,FULGL,PHACA,NIPNI,EGRGA,PELCR}#{EURHE,PHALE}|{GAVST}	0	280.623	1453.32
N88	t3	{GAVST}|{GALGA,MELGA,ANAPL,TINMA,STRCA,PTEGU,MESUN,COLLI,PHORU,PODCR,CHLUN,TAUER,CUCCA,TAEGU,GEOFO,CORBR,MANVI,ACACH,NESNO,MELUN,FALPE,CARCR,PICPU,MERNU,BUCRH,APAVI,LEPDI,COLST,HALLE,HALAL,CATAU,TYTAL,CHAPE,CALAN,CAPCA,BALRE,CHAVO,OPHHO}#{EURHE,PHALE}|{APTFO,PYGAD,FULGL,PHACA,NIPNI,EGRGA,PELCR}	0	222.366	1453.32
N87	t1	{EURHE,PHALE}|{GAVST,APTFO,PYGAD,FULGL,PHACA,NIPNI,EGRGA,PELCR}#{BALRE,CHAVO,OPHHO}|{GALGA,MELGA,ANAPL,TINMA,STRCA,PTEGU,MESUN,COLLI,PHORU,PODCR,CHLUN,TAUER,CUCCA,TAEGU,GEOFO,CORBR,MANVI,ACACH,NESNO,MELUN,FALPE,CARCR,PICPU,MERNU,BUCRH,APAVI,LEPDI,COLST,HALLE,HALAL,CATAU,TYTAL,CHAPE,CALAN,CAPCA}	0.958085	535.328	1484.62
N87	t2	{GALGA,MELGA,ANAPL,TINMA,STRCA,PTEGU,MESUN,COLLI,PHORU,PODCR,CHLUN,TAUER,CUCCA,TAEGU,GEOFO,CORBR,MANVI,ACACH,NESNO,MELUN,FALPE,CARCR,PICPU,MERNU,BUCRH,APAVI,LEPDI,COLST,HALLE,HALAL,CATAU,TYTAL,CHAPE,CALAN,CAPCA}|{GAVST,APTFO,PYGAD,FULGL,PHACA,NIPNI,EGRGA,PELCR}#{BALRE,CHAVO,OPHHO}|{EURHE,PHALE}	0.0243352	480.473	1484.62
N87	t3	{EURHE,PHALE}|{GALGA,MELGA,ANAPL,TINMA,STRCA,PTEGU,MESUN,COLLI,PHORU,PODCR,CHLUN,TAUER,CUCCA,TAEGU,GEOFO,CORBR,MANVI,ACACH,NESNO,MELUN,FALPE,CARCR,PICPU,MERNU,BUCRH,APAVI,LEPDI,COLST,HALLE,HALAL,CATAU,TYTAL,CHAPE,CALAN,CAPCA}#{BALRE,CHAVO,OPHHO}|{GAVST,APTFO,PYGAD,FULGL,PHACA,NIPNI,EGRGA,PELCR}	0.0175801	468.821	1484.62
N86	t1	{BALRE,CHAVO,OPHHO}|{EURHE,PHALE,GAVST,APTFO,PYGAD,FULGL,PHACA,NIPNI,EGRGA,PELCR}#{TAEGU,GEOFO,CORBR,MANVI,ACACH,NESNO,MELUN,FALPE,CARCR,PICPU,MERNU,BUCRH,APAVI,LEPDI,COLST,HALLE,HALAL,CATAU,TYTAL,CHAPE,CALAN,CAPCA}|{GALGA,MELGA,ANAPL,TINMA,STRCA,PTEGU,MESUN,COLLI,PHORU,PODCR,CHLUN,TAUER,CUCCA}	0.435788	501.013	1483.79
N86	t2	{GALGA,MELGA,ANAPL,TINMA,STRCA,PTEGU,MESUN,COLLI,PHORU,PODCR,CHLUN,TAUER,CUCCA}|{EURHE,PHALE,GAVST,APTFO,PYGAD,FULGL,PHACA,NIPNI,EGRGA,PELCR}#{TAEGU,GEOFO,CORBR,MANVI,ACACH,NESNO,MELUN,FALPE,CARCR,PICPU,MERNU,BUCRH,APAVI,LEPDI,COLST,HALLE,HALAL,CATAU,TYTAL,CHAPE,CALAN,CAPCA}|{BALRE,CHAVO,OPHHO}	0.309085	493.745	1483.79
N86	t3	{BALRE,CHAVO,OPHHO}|{GALGA,MELGA,ANAPL,TINMA,STRCA,PTEGU,MESUN,COLLI,PHORU,PODCR,CHLUN,TAUER,CUCCA}#{TAEGU,GEOFO,CORBR,MANVI,ACACH,NESNO,MELUN,FALPE,CARCR,PICPU,MERNU,BUCRH,APAVI,LEPDI,COLST,HALLE,HALAL,CATAU,TYTAL,CHAPE,CALAN,CAPCA}|{EURHE,PHALE,GAVST,APTFO,PYGAD,FULGL,PHACA,NIPNI,EGRGA,PELCR}	0.255126	489.03	1483.79
N64	t1	{TAEGU,GEOFO,CORBR,MANVI,ACACH,NESNO,MELUN,FALPE,CARCR,PICPU,MERNU,BUCRH,APAVI,LEPDI,COLST,HALLE,HALAL,CATAU,TYTAL,CHAPE,CALAN,CAPCA}|{BALRE,CHAVO,OPHHO,EURHE,PHALE,GAVST,APTFO,PYGAD,FULGL,PHACA,NIPNI,EGRGA,PELCR}#{CHLUN,TAUER,CUCCA}|{GALGA,MELGA,ANAPL,TINMA,STRCA,PTEGU,MESUN,COLLI,PHORU,PODCR}	0.584359	510.848	1478.29
N64	t2	{GALGA,MELGA,ANAPL,TINMA,STRCA,PTEGU,MESUN,COLLI,PHORU,PODCR}|{BALRE,CHAVO,OPHHO,EURHE,PHALE,GAVST,APTFO,PYGAD,FULGL,PHACA,NIPNI,EGRGA,PELCR}#{CHLUN,TAUER,CUCCA}|{TAEGU,GEOFO,CORBR,MANVI,ACACH,NESNO,MELUN,FALPE,CARCR,PICPU,MERNU,BUCRH,APAVI,LEPDI,COLST,HALLE,HALAL,CATAU,TYTAL,CHAPE,CALAN,CAPCA}	0.0873006	465.792	1478.29
N64	t3	{TAEGU,GEOFO,CORBR,MANVI,ACACH,NESNO,MELUN,FALPE,CARCR,PICPU,MERNU,BUCRH,APAVI,LEPDI,COLST,HALLE,HALAL,CATAU,TYTAL,CHAPE,CALAN,CAPCA}|{GALGA,MELGA,ANAPL,TINMA,STRCA,PTEGU,MESUN,COLLI,PHORU,PODCR}#{CHLUN,TAUER,CUCCA}|{BALRE,CHAVO,OPHHO,EURHE,PHALE,GAVST,APTFO,PYGAD,FULGL,PHACA,NIPNI,EGRGA,PELCR}	0.328341	501.652	1478.29
N63	t1	{CHLUN,TAUER,CUCCA}|{TAEGU,GEOFO,CORBR,MANVI,ACACH,NESNO,MELUN,FALPE,CARCR,PICPU,MERNU,BUCRH,APAVI,LEPDI,COLST,HALLE,HALAL,CATAU,TYTAL,CHAPE,CALAN,CAPCA,BALRE,CHAVO,OPHHO,EURHE,PHALE,GAVST,APTFO,PYGAD,FULGL,PHACA,NIPNI,EGRGA,PELCR}#{PTEGU,MESUN,COLLI,PHORU,PODCR}|{GALGA,MELGA,ANAPL,TINMA,STRCA}	0.986852	537.764	1461.57
N63	t2	{GALGA,MELGA,ANAPL,TINMA,STRCA}|{TAEGU,GEOFO,CORBR,MANVI,ACACH,NESNO,MELUN,FALPE,CARCR,PICPU,MERNU,BUCRH,APAVI,LEPDI,COLST,HALLE,HALAL,CATAU,TYTAL,CHAPE,CALAN,CAPCA,BALRE,CHAVO,OPHHO,EURHE,PHALE,GAVST,APTFO,PYGAD,FULGL,PHACA,NIPNI,EGRGA,PELCR}#{PTEGU,MESUN,COLLI,PHORU,PODCR}|{CHLUN,TAUER,CUCCA}	0.0105934	488.165	1461.57
N63	t3	{CHLUN,TAUER,CUCCA}|{GALGA,MELGA,ANAPL,TINMA,STRCA}#{PTEGU,MESUN,COLLI,PHORU,PODCR}|{TAEGU,GEOFO,CORBR,MANVI,ACACH,NESNO,MELUN,FALPE,CARCR,PICPU,MERNU,BUCRH,APAVI,LEPDI,COLST,HALLE,HALAL,CATAU,TYTAL,CHAPE,CALAN,CAPCA,BALRE,CHAVO,OPHHO,EURHE,PHALE,GAVST,APTFO,PYGAD,FULGL,PHACA,NIPNI,EGRGA,PELCR}	0.00255419	435.639	1461.57
N62	t1	{PTEGU,MESUN,COLLI,PHORU,PODCR}|{CHLUN,TAUER,CUCCA,TAEGU,GEOFO,CORBR,MANVI,ACACH,NESNO,MELUN,FALPE,CARCR,PICPU,MERNU,BUCRH,APAVI,LEPDI,COLST,HALLE,HALAL,CATAU,TYTAL,CHAPE,CALAN,CAPCA,BALRE,CHAVO,OPHHO,EURHE,PHALE,GAVST,APTFO,PYGAD,FULGL,PHACA,NIPNI,EGRGA,PELCR}#{TINMA,STRCA}|{GALGA,MELGA,ANAPL}	1	1767.12	1798.67
N62	t2	{GALGA,MELGA,ANAPL}|{CHLUN,TAUER,CUCCA,TAEGU,GEOFO,CORBR,MANVI,ACACH,NESNO,MELUN,FALPE,CARCR,PICPU,MERNU,BUCRH,APAVI,LEPDI,COLST,HALLE,HALAL,CATAU,TYTAL,CHAPE,CALAN,CAPCA,BALRE,CHAVO,OPHHO,EURHE,PHALE,GAVST,APTFO,PYGAD,FULGL,PHACA,NIPNI,EGRGA,PELCR}#{TINMA,STRCA}|{PTEGU,MESUN,COLLI,PHORU,PODCR}	0	15.578	1798.67
N62	t3	{PTEGU,MESUN,COLLI,PHORU,PODCR}|{GALGA,MELGA,ANAPL}#{TINMA,STRCA}|{CHLUN,TAUER,CUCCA,TAEGU,GEOFO,CORBR,MANVI,ACACH,NESNO,MELUN,FALPE,CARCR,PICPU,MERNU,BUCRH,APAVI,LEPDI,COLST,HALLE,HALAL,CATAU,TYTAL,CHAPE,CALAN,CAPCA,BALRE,CHAVO,OPHHO,EURHE,PHALE,GAVST,APTFO,PYGAD,FULGL,PHACA,NIPNI,EGRGA,PELCR}	0	15.9691	1798.67
N61	t1	{TINMA,STRCA}|{PTEGU,MESUN,COLLI,PHORU,PODCR,CHLUN,TAUER,CUCCA,TAEGU,GEOFO,CORBR,MANVI,ACACH,NESNO,MELUN,FALPE,CARCR,PICPU,MERNU,BUCRH,APAVI,LEPDI,COLST,HALLE,HALAL,CATAU,TYTAL,CHAPE,CALAN,CAPCA,BALRE,CHAVO,OPHHO,EURHE,PHALE,GAVST,APTFO,PYGAD,FULGL,PHACA,NIPNI,EGRGA,PELCR}#{ANAPL}|{GALGA,MELGA}	1	1853.96	1914.18
N61	t2	{GALGA,MELGA}|{PTEGU,MESUN,COLLI,PHORU,PODCR,CHLUN,TAUER,CUCCA,TAEGU,GEOFO,CORBR,MANVI,ACACH,NESNO,MELUN,FALPE,CARCR,PICPU,MERNU,BUCRH,APAVI,LEPDI,COLST,HALLE,HALAL,CATAU,TYTAL,CHAPE,CALAN,CAPCA,BALRE,CHAVO,OPHHO,EURHE,PHALE,GAVST,APTFO,PYGAD,FULGL,PHACA,NIPNI,EGRGA,PELCR}#{ANAPL}|{TINMA,STRCA}	0	27.0434	1914.18
N61	t3	{TINMA,STRCA}|{GALGA,MELGA}#{ANAPL}|{PTEGU,MESUN,COLLI,PHORU,PODCR,CHLUN,TAUER,CUCCA,TAEGU,GEOFO,CORBR,MANVI,ACACH,NESNO,MELUN,FALPE,CARCR,PICPU,MERNU,BUCRH,APAVI,LEPDI,COLST,HALLE,HALAL,CATAU,TYTAL,CHAPE,CALAN,CAPCA,BALRE,CHAVO,OPHHO,EURHE,PHALE,GAVST,APTFO,PYGAD,FULGL,PHACA,NIPNI,EGRGA,PELCR}	0	33.1852	1914.18
N59	t1	{ANAPL}|{TINMA,STRCA,PTEGU,MESUN,COLLI,PHORU,PODCR,CHLUN,TAUER,CUCCA,TAEGU,GEOFO,CORBR,MANVI,ACACH,NESNO,MELUN,FALPE,CARCR,PICPU,MERNU,BUCRH,APAVI,LEPDI,COLST,HALLE,HALAL,CATAU,TYTAL,CHAPE,CALAN,CAPCA,BALRE,CHAVO,OPHHO,EURHE,PHALE,GAVST,APTFO,PYGAD,FULGL,PHACA,NIPNI,EGRGA,PELCR}#{MELGA}|{GALGA}	1	1229.84	1898.03
N59	t2	{GALGA}|{TINMA,STRCA,PTEGU,MESUN,COLLI,PHORU,PODCR,CHLUN,TAUER,CUCCA,TAEGU,GEOFO,CORBR,MANVI,ACACH,NESNO,MELUN,FALPE,CARCR,PICPU,MERNU,BUCRH,APAVI,LEPDI,COLST,HALLE,HALAL,CATAU,TYTAL,CHAPE,CALAN,CAPCA,BALRE,CHAVO,OPHHO,EURHE,PHALE,GAVST,APTFO,PYGAD,FULGL,PHACA,NIPNI,EGRGA,PELCR}#{MELGA}|{ANAPL}	0	326.206	1898.03
N59	t3	{ANAPL}|{GALGA}#{MELGA}|{TINMA,STRCA,PTEGU,MESUN,COLLI,PHORU,PODCR,CHLUN,TAUER,CUCCA,TAEGU,GEOFO,CORBR,MANVI,ACACH,NESNO,MELUN,FALPE,CARCR,PICPU,MERNU,BUCRH,APAVI,LEPDI,COLST,HALLE,HALAL,CATAU,TYTAL,CHAPE,CALAN,CAPCA,BALRE,CHAVO,OPHHO,EURHE,PHALE,GAVST,APTFO,PYGAD,FULGL,PHACA,NIPNI,EGRGA,PELCR}	0	341.983	1898.03
